image_name,1,2,3,4,5,6,7,8
I_Andesite_01.jpg,-3.743,-1.204,2.001,0.164,-0.077,-1.992,4.95,1.695
I_Andesite_02.jpg,2.332,1.625,0.985,-3.223,-1.308,0.093,6.724,0.708
I_Andesite_03.jpg,0.346,1.49,-3.795,-1.653,1.083,-3.786,0.706,-2.854
I_Andesite_04.jpg,0.32,1.842,-0.352,-3.178,-3.67,0.699,1.499,-0.877
I_Andesite_05.jpg,-0.228,5.029,1.033,-3.007,0.749,-3.479,-0.285,0.255
I_Andesite_06.jpg,1.142,3.233,0.871,-1.488,0.642,-3.457,2.498,-0.761
I_Andesite_07.jpg,-0.038,6.543,-2.221,0.587,0.609,0.274,0.08,1.968
I_Andesite_08.jpg,0.534,-0.526,0.82,-2.715,2.531,-4.122,0.738,-2.514
I_Andesite_09.jpg,-0.161,0.487,-0.717,-2.434,0.469,-3.751,2.933,-1.341
I_Andesite_10.jpg,-1.494,-0.864,2.3,-2.353,-1.14,-4.76,1.096,-2.157
I_Andesite_11.jpg,2.549,-0.33,0.633,-1.065,-0.825,-3.025,0.948,-4.436
I_Andesite_12.jpg,1.324,0.41,5.1,-2.553,-0.59,2.544,5.226,1.035
I_Basalt_01.jpg,-2.086,-4.415,-0.788,-3.141,0.142,-1.174,0.788,-2.084
I_Basalt_02.jpg,-1.287,-1.164,-2.939,-2.601,1.754,-2.778,0.722,-1.448
I_Basalt_03.jpg,-0.329,0.868,-1.617,-4.599,0.888,-3.108,2.941,-1.697
I_Basalt_04.jpg,-4.909,-3.66,-2.586,-1.573,0.21,0.33,1.638,-1.425
I_Basalt_05.jpg,-3.85,-3.017,-2.168,-3.474,-0.085,-0.628,0.083,-0.421
I_Basalt_06.jpg,-4.693,-3.386,-1.944,-1.106,0.786,-1.183,1.802,-1.648
I_Basalt_07.jpg,-0.224,-3.011,4.021,-2.773,-0.628,-2.275,4.873,-1.607
I_Basalt_08.jpg,-4.958,-4.7,-1.607,-1.799,1.47,-1.387,1.688,-1.162
I_Basalt_09.jpg,-1.083,-3.774,-1.934,-3.461,1.082,-1.895,2.093,-1.019
I_Basalt_10.jpg,-3.202,-4.089,-2.019,-0.677,-2.26,1.433,0.858,-0.608
I_Basalt_11.jpg,-0.559,-2.71,4.901,-1.061,0.501,-4.034,2.603,-0.457
I_Basalt_12.jpg,-0.979,-1.81,0.643,-3.603,1.053,-2.767,5.496,-2.252
I_Diorite_01.jpg,-1.662,2.113,0.603,-2.302,2.181,-2.847,3.609,-1.126
I_Diorite_02.jpg,-0.614,4.131,-1.635,3.465,3.086,-0.718,5.232,0.995
I_Diorite_03.jpg,1.187,3.127,1.248,-1.445,3.209,-2.698,2.542,1.045
I_Diorite_04.jpg,0.24,3.267,0.238,-2.128,1.055,-2.069,2.889,2.246
I_Diorite_05.jpg,2.12,1.646,2.158,-2.375,1.946,-2.772,4.09,0.356
I_Diorite_06.jpg,0.965,4.049,1.262,-0.991,-0.865,-1.521,4.979,0.071
I_Diorite_07.jpg,-0.31,5.152,4.269,2.373,1.466,0.76,2.141,0.948
I_Diorite_08.jpg,1.552,4.441,4.398,3.314,1.214,-0.366,3.976,1.769
I_Diorite_09.jpg,2.482,4.909,1.624,0.285,0.063,1.482,3.368,3.149
I_Diorite_10.jpg,1.085,4.034,1.803,-2.63,2.277,-0.676,2.307,3.5
I_Diorite_11.jpg,0.273,5.425,0.761,0.09,1.33,-0.107,3.209,2.698
I_Diorite_12.jpg,1.166,4.519,2.115,0.103,1.064,0.672,2.261,5.607
I_Gabbro_01.jpg,-0.629,4.069,2.261,-1.875,0.373,-3.293,1.127,0.068
I_Gabbro_02.jpg,-3.414,-4.022,2.193,-2.091,0.85,-0.992,-1.064,-1.096
I_Gabbro_03.jpg,-2.192,3.89,0.489,-1.836,1.571,-2.454,2.882,0.938
I_Gabbro_04.jpg,-0.57,2.033,2.34,1.694,0.577,-2.81,2.105,-0.737
I_Gabbro_05.jpg,-2.533,1.541,2.886,-2.43,-2.768,-1.23,0.343,1.828
I_Gabbro_06.jpg,-2.23,2.211,-1.613,-1.865,0.251,-2.016,1.301,-3.132
I_Gabbro_07.jpg,-1.703,3.217,1.05,-0.622,-2.349,6.029,0.734,-1.477
I_Gabbro_08.jpg,-2.751,-0.157,3.017,-1.878,-0.43,-2.864,0.889,-0.217
I_Gabbro_09.jpg,-4.231,-0.997,1.371,0.822,-1.57,-3.001,1.331,-1.036
I_Gabbro_10.jpg,-4.799,-1.049,1.414,-1.04,0.257,-3.127,0.605,-1.433
I_Gabbro_11.jpg,-2.393,-0.359,-0.25,-3.439,0.288,-3.673,1.526,-0.464
I_Gabbro_12.jpg,-1.363,1.84,0.063,-4.469,0.831,-2.696,2.296,-0.862
I_Granite_01.jpg,-1.345,4.364,3.53,-0.493,2.048,5.951,3.522,-1.49
I_Granite_02.jpg,2.683,4.513,2.455,-1.267,0.829,0.453,3.502,0.107
I_Granite_03.jpg,2.885,3.223,3.279,-2.015,0.154,3.283,2.595,-3.2
I_Granite_04.jpg,1.034,4.381,2.889,-1.409,2.556,-0.568,3.259,0.951
I_Granite_05.jpg,-1.53,2.956,2.278,-0.535,1.957,6.676,0.756,0.072
I_Granite_06.jpg,0.729,4.638,2.37,0.483,0.765,0.168,3.867,0.874
I_Granite_07.jpg,1.538,3.736,1.974,-0.44,1.48,-1.955,3.954,0.078
I_Granite_08.jpg,2.909,4.421,1.004,0.566,-0.051,-0.374,4.489,1.595
I_Granite_09.jpg,-1.292,3.69,1.979,1.901,-2.621,4.749,2.535,-1.614
I_Granite_10.jpg,-0.826,5.048,3.039,-1.782,0.247,2.952,1.73,-1.914
I_Granite_11.jpg,3.713,2.932,1.335,1.39,-0.251,0.623,4.436,1.522
I_Granite_12.jpg,2.205,5.446,1.832,0.385,0.241,1.797,1.099,-1.192
I_Obsidian_01.jpg,-4.573,-4.683,-0.193,3.055,-0.994,1.737,1.126,-0.214
I_Obsidian_02.jpg,-3.862,-3.644,-2.553,6.059,-0.038,0.581,2.491,0.222
I_Obsidian_03.jpg,-4.704,-2.919,-1.483,4.377,-0.694,-1.145,0.979,0.529
I_Obsidian_04.jpg,-5.089,-2.454,-2.705,4.635,-0.649,0.193,1.266,0.722
I_Obsidian_05.jpg,-3.005,1.14,-0.025,6.443,-1.735,0.645,2.214,1.799
I_Obsidian_06.jpg,-5.151,-2.62,0.688,5.686,2.434,3.071,3.472,1.588
I_Obsidian_07.jpg,-5.189,-3.609,1.626,3.559,2.57,3.007,2.393,0.823
I_Obsidian_08.jpg,-3.877,-3.542,-1.293,5.646,-0.893,-0.149,4.333,-0.226
I_Obsidian_09.jpg,-4.377,-3.456,-0.939,4.54,-0.752,-0.878,1.605,1.193
I_Obsidian_10.jpg,-3.448,-2.095,-0.763,6.75,0.494,-0.179,-0.798,2.451
I_Obsidian_11.jpg,-3.549,-3.913,-2.313,5.349,-0.271,-0.335,1.572,0.509
I_Obsidian_12.jpg,-3.993,-4.941,-1.323,4.813,-1.034,-0.324,2.507,1.008
I_Pegmatite_01.jpg,-0.089,3.198,2.989,2.092,-4.599,1.132,0.386,3.001
I_Pegmatite_02.jpg,-2.847,2.232,1.318,2.723,-0.542,6.661,1.244,0.284
I_Pegmatite_03.jpg,-0.757,1.088,0.837,1.69,-5.068,1.951,-0.575,4.723
I_Pegmatite_04.jpg,1.889,3.404,4.826,2.176,-0.109,-1.082,1.961,-1.421
I_Pegmatite_05.jpg,-0.892,0.311,2.312,3.151,0.394,1.58,0.881,5.815
I_Pegmatite_06.jpg,2.465,-0.785,5.155,1.064,0.349,4.183,-1.393,3.901
I_Pegmatite_07.jpg,-1.22,1.12,4.372,0.675,-3.779,2.861,-0.555,4.213
I_Pegmatite_08.jpg,-1.786,1.279,1.067,4.655,-0.601,3.156,-3.199,2.269
I_Pegmatite_09.jpg,1.057,1.659,1.323,1.379,-4.464,1.538,-2.933,4.765
I_Pegmatite_10.jpg,1.445,2.049,-2.613,2.598,-0.325,2.408,-1.38,6.767
I_Pegmatite_11.jpg,-1.043,-1.796,4.372,3.936,-1.54,6.85,1.546,2.453
I_Pegmatite_12.jpg,-0.403,1.22,3.687,4.186,0.135,-1.902,0.536,-0.143
I_Peridotite_01.jpg,-4.441,-2.475,-0.424,-2.869,0.581,-2.945,2.563,0.832
I_Peridotite_02.jpg,-0.589,4.259,2.262,-3.214,-1.813,1.414,1.566,3.475
I_Peridotite_03.jpg,-3.23,3.296,1.293,-0.823,-2.137,1.07,0.624,-1.314
I_Peridotite_04.jpg,0.262,1.809,-0.755,-1.506,-4.243,3.944,5.142,1.246
I_Peridotite_05.jpg,-1.906,-0.509,2.887,-1.698,1.437,-1.487,2.098,3.88
I_Peridotite_06.jpg,-1.627,3.302,0.853,-0.131,-4.01,-0.135,2.29,3.938
I_Peridotite_07.jpg,-1.422,1.66,2.412,-3.869,-1.858,-2.22,0.584,3.356
I_Peridotite_08.jpg,-1.959,1.458,1.411,-3.514,-2.855,-1.532,2.942,2.226
I_Peridotite_09.jpg,-1.628,0.735,-0.642,-1.717,-1.127,-4.106,0.934,-1.476
I_Peridotite_10.jpg,-0.871,2.663,2.237,-1.385,-2.539,-2.272,2.563,2.646
I_Peridotite_11.jpg,0.899,2.051,1.33,-5.135,-3.21,-0.745,3.93,2.262
I_Peridotite_12.jpg,0.872,4.351,3.969,-0.407,-1.799,-1.665,0.412,3.02
I_Pumice_01.jpg,4.693,-0.973,3.804,-3.627,0.158,-0.463,5.253,2.143
I_Pumice_02.jpg,3.893,-0.937,6.232,-1.152,2.589,0.776,5.276,1.317
I_Pumice_03.jpg,4.464,-2.332,4.149,-3.549,-1.025,1.208,3.466,1.54
I_Pumice_04.jpg,2.698,-2.39,4.152,-2.684,-0.614,-2.751,4.905,2.012
I_Pumice_05.jpg,2.383,-1.843,3.077,-3.268,-1.19,1.382,5.548,6.163
I_Pumice_06.jpg,4.002,-2.874,2.972,-3.747,0.876,2.882,3.226,3.828
I_Pumice_07.jpg,2.694,0.574,5.089,-1.808,2.179,-1.759,5.348,-0.118
I_Pumice_08.jpg,4.132,-2.734,2.171,-2.169,0.457,-3.732,5.699,1.435
I_Pumice_09.jpg,3.148,-3.084,7.323,-0.288,1.584,-0.809,4.288,1.036
I_Pumice_10.jpg,4.468,-1.387,3.461,-1.297,1.801,-0.505,6.074,4.19
I_Pumice_11.jpg,5.055,-1.613,1.841,-2.932,0.507,-0.151,3.844,3.036
I_Pumice_12.jpg,6.516,-2.563,2.948,-0.887,0.516,-2.342,2.963,-0.125
I_Rhyolite_01.jpg,3.581,2.497,3.313,-3.329,-1.904,0.764,0.713,-0.438
I_Rhyolite_02.jpg,1.377,2.746,0.187,-2.45,1.304,0.338,2.94,-5.011
I_Rhyolite_03.jpg,-2.187,-2.08,-0.663,2.598,6.001,-1.507,3.354,1.172
I_Rhyolite_04.jpg,3.937,-3.848,0.568,-1.704,2.893,3.841,5.42,-3.641
I_Rhyolite_05.jpg,0.192,-2.526,2.985,-4.437,-0.069,4.361,0.221,-2.355
I_Rhyolite_06.jpg,-2.199,-0.876,-3.05,3.363,5.156,-0.505,0.66,0.089
I_Rhyolite_07.jpg,-4.084,-3.443,0.914,-1.263,3.196,0.584,-0.534,-2.07
I_Rhyolite_08.jpg,2.821,-3.138,-0.899,-4.532,1.702,5.654,2.307,-0.933
I_Rhyolite_09.jpg,0.076,1.368,1.042,-3.361,-1.886,6.098,7.276,-0.144
I_Rhyolite_10.jpg,2.495,3.637,-2.062,-4.954,-0.267,-0.227,2.055,1.872
I_Rhyolite_11.jpg,2.54,-4.553,-0.482,-2.625,2.265,-2.355,1.466,-1.662
I_Rhyolite_12.jpg,0.615,3.282,2.068,-2.141,-0.161,4.681,4.195,-2.046
M_Amphibolite_01.jpg,-4.987,1.892,2.054,2.102,0.969,0.602,4.259,-0.33
M_Amphibolite_02.jpg,-4.712,-3.515,1.71,-0.249,1.286,-2.221,1.792,-0.229
M_Amphibolite_03.jpg,-4.351,0.508,-0.932,3.412,4.404,-0.411,3.622,1.857
M_Amphibolite_04.jpg,-3.686,-0.22,0.192,-1.251,1.192,-3.067,-0.698,-0.089
M_Amphibolite_05.jpg,-1.707,2.764,2.96,-2.049,1.927,-1.509,4.361,0.686
M_Amphibolite_06.jpg,-4.584,0.747,0.701,-2.151,2.741,-2.473,2.666,-0.682
M_Amphibolite_07.jpg,-1.788,2.626,0.058,1.149,0.007,-2.686,2.27,0.19
M_Amphibolite_08.jpg,-4.862,-1.062,0.756,3.157,-0.949,-1.116,1.656,-0.555
M_Amphibolite_09.jpg,-1.61,4.132,0.462,-1.387,2.853,0.382,3.761,3.478
M_Amphibolite_10.jpg,-3.829,1.947,-0.321,0.798,2.335,-2.479,4.401,0.279
M_Amphibolite_11.jpg,-4.111,4.301,-0.16,0.931,-2.415,0.852,-0.635,0.872
M_Amphibolite_12.jpg,-2.264,2.904,3.536,1.446,-2.324,-0.067,0.383,3.766
M_Anthracite_01.jpg,-5.853,-3.661,-0.832,2.153,1.946,-1.273,1.915,0.461
M_Anthracite_02.jpg,-4.286,-2.219,1.436,3.568,-1.316,-0.752,0.24,-0.936
M_Anthracite_03.jpg,-1.477,0.851,-0.813,4.374,-0.645,-3.853,-0.103,0.746
M_Anthracite_04.jpg,-4.877,-2.127,0.999,5.251,-1.302,-0.263,2.012,-0.504
M_Anthracite_05.jpg,-5.657,-2.871,0.836,3.751,-0.981,-0.98,2.811,0.736
M_Anthracite_06.jpg,-2.897,-1.523,-1.464,1.004,2.535,-2.364,0.545,-1.235
M_Anthracite_07.jpg,-3.733,-3.7,0.296,3.766,0.116,-1.678,0.11,-0.528
M_Anthracite_08.jpg,-4.805,-3.671,-0.99,3.517,-0.761,-2.276,1.499,-0.347
M_Anthracite_09.jpg,-4.063,-3.23,-0.159,3.328,0.384,-2.24,0.876,-0.901
M_Anthracite_10.jpg,-5.278,-0.631,0.102,2.789,-0.536,-1.407,0.731,-0.642
M_Anthracite_11.jpg,-4.566,-2.547,-1.037,2.528,0.574,-0.713,-0.115,0.409
M_Anthracite_12.jpg,-5.358,-2.68,0.821,4.675,-0.79,-1.772,0.795,-0.179
M_Gneiss_01.jpg,0.289,1.701,-1.775,-0.613,3.966,0.027,-3.57,2.752
M_Gneiss_02.jpg,1.604,4.172,1.01,-2.675,2.329,-0.154,0.042,1.769
M_Gneiss_03.jpg,1.352,3.054,2.486,-1.076,5.213,0.821,-0.444,1.028
M_Gneiss_04.jpg,-0.446,1.875,3.124,-2.322,5.549,0.206,-2.744,-1.128
M_Gneiss_05.jpg,2.072,3.523,-0.168,-3.778,1.897,-0.744,0.818,3.899
M_Gneiss_06.jpg,1.152,0.501,0.355,-2.315,5.711,-1.689,-0.666,-1.049
M_Gneiss_07.jpg,-1.237,-1.378,2.027,-2.903,2.639,-0.756,-2.981,2.804
M_Gneiss_08.jpg,1.384,3.061,0.549,0.127,4.927,-0.596,1.58,2.665
M_Gneiss_09.jpg,-0.039,0.929,-0.538,-2.07,5.603,-1.336,-0.05,1.008
M_Gneiss_10.jpg,0.628,4.441,2.143,-2.081,3.468,1.41,-0.006,-0.651
M_Gneiss_11.jpg,-0.341,1.238,1.589,-1.499,6.739,-1.787,0.647,-0.03
M_Gneiss_12.jpg,-2.165,0.564,3.083,1.407,5.788,-0.83,-1.865,0.09
M_Hornfels_01.jpg,-3.773,-3.371,-1.389,-0.049,-0.395,-3.045,1.006,-0.669
M_Hornfels_02.jpg,-1.262,-2.878,-2.797,-3.04,1.852,-3.378,1.204,-1.316
M_Hornfels_03.jpg,-4.456,-4.679,-0.167,-0.616,-0.191,-2.1,0.842,-1.181
M_Hornfels_04.jpg,-1.855,-2.454,-0.93,-3.893,-0.105,0.994,0.315,-0.526
M_Hornfels_05.jpg,-4.529,-3.542,-0.274,1.069,-1.143,-2.125,-0.598,-1.049
M_Hornfels_06.jpg,-2.635,-4.882,-1.358,-1.672,-0.514,4.244,2.199,-0.685
M_Hornfels_07.jpg,-6.019,-3.206,-0.25,-0.944,-0.997,-0.494,1.485,1.438
M_Hornfels_08.jpg,-2.473,-2.04,-0.626,0.365,0.624,-1.658,1.3,-3.341
M_Hornfels_09.jpg,-2.879,-0.514,-0.373,-2.859,-0.285,-0.036,-1.324,-2.134
M_Hornfels_10.jpg,-1.513,-0.757,-3.04,-4.429,2.581,-2.167,-1.096,-0.692
M_Hornfels_11.jpg,-3.638,-0.641,-1.81,-1.813,-0.22,-1.374,-0.315,-1.925
M_Hornfels_12.jpg,-2.815,-3.782,-1.964,0.83,-0.486,-1.667,0.794,-3.312
M_Marble_01.jpg,3.469,2.032,3.586,-0.009,0.412,-1.816,3.018,2.148
M_Marble_02.jpg,6.972,-2.291,-1.272,3.04,-0.782,-1.724,1.376,-1.164
M_Marble_03.jpg,7.07,-1.759,-3.307,1.914,-0.77,-0.776,2.365,2.111
M_Marble_04.jpg,5.944,-2.22,-1.004,2.394,0.958,-1.212,1.554,-2.634
M_Marble_05.jpg,6.53,-2.299,-1.14,2.736,-0.137,-1.607,2.402,-2.243
M_Marble_06.jpg,5.584,-1.363,1.437,2.343,-0.264,-3.068,0.151,-1.497
M_Marble_07.jpg,2.683,0.243,2.75,-1.118,4.463,-2.431,2.023,-2.99
M_Marble_08.jpg,3.155,-1.753,3.409,0.453,2.408,6.47,2.961,-0.777
M_Marble_09.jpg,5.105,-1.092,0.738,1.026,-1.428,-4.5,1.33,-0.31
M_Marble_10.jpg,4.486,-0.379,0.501,1.468,-0.853,5.943,0.215,-2.34
M_Marble_11.jpg,4.14,1.432,-0.042,0.205,0.689,4.023,1.8,-3.26
M_Marble_12.jpg,4.013,0.682,0.838,1.48,3.58,-2.015,-0.214,-2.281
M_Migmatite_01.jpg,3.249,-0.731,2.345,-0.197,4.554,-4.104,-0.515,-0.183
M_Migmatite_02.jpg,-1.778,-0.502,1.567,-2.485,3.89,-0.998,-4.032,0.731
M_Migmatite_03.jpg,2.179,-1.875,-1.252,-1.157,7.099,-0.919,0.279,0.31
M_Migmatite_04.jpg,0.507,-0.886,4.333,0.938,5.323,-3.859,0.052,-0.94
M_Migmatite_05.jpg,-0.917,0.448,-1.726,-0.599,2.926,-2.04,-3.301,0.183
M_Migmatite_06.jpg,1.558,1.516,2.757,2.694,4.512,-2.391,-2.48,0.451
M_Migmatite_07.jpg,-1.728,1.843,-0.171,1.872,5.684,-0.576,-1.107,2.113
M_Migmatite_08.jpg,-0.843,1.977,-0.326,-4.193,1.756,-0.447,-0.526,3.099
M_Migmatite_09.jpg,-0.37,3.584,1.881,-1.491,0.625,-0.153,-0.377,4.721
M_Migmatite_10.jpg,-0.335,1.148,1.146,-2.641,2.549,-1.676,-2.769,-0.645
M_Migmatite_11.jpg,-1.591,-0.516,1.545,2.161,5.968,-0.752,0.338,0.302
M_Migmatite_12.jpg,-1.118,-2.171,1.015,-1.649,4.189,-0.245,-3.296,1.674
M_Phyllite_01.jpg,-2.077,0.108,3.93,3.887,1.266,-3.361,0.822,-0.172
M_Phyllite_02.jpg,1.688,-4.089,-0.566,-3.807,0.946,-0.227,-1.148,-1.437
M_Phyllite_03.jpg,2.34,-3.216,1.595,-2.52,-2.248,-2.11,-2.305,-0.385
M_Phyllite_04.jpg,-2.023,1.233,-5.682,-2.476,-0.145,-0.998,0.138,-0.216
M_Phyllite_05.jpg,2.549,-3.556,-1.864,-2.537,2.948,-0.325,-2.696,1.8
M_Phyllite_06.jpg,0.502,-0.859,-4.935,-0.534,2.939,-2.989,-0.199,-0.158
M_Phyllite_07.jpg,-1.479,-1.157,-1.797,-4.685,0.048,-0.178,-2.573,3.41
M_Phyllite_08.jpg,-4.231,-1.244,-3.498,1.633,0.254,-2.216,-0.804,2.321
M_Phyllite_09.jpg,1.442,-1.276,-0.39,-1.458,-0.617,-2.609,-0.268,5.04
M_Phyllite_10.jpg,-0.979,-3.357,0.491,-3.548,1.69,0.401,-2.639,-0.742
M_Phyllite_11.jpg,-0.072,1.846,1.065,-0.691,1.533,-3.526,-1.005,0.921
M_Phyllite_12.jpg,2.897,-1.902,0.082,-0.092,4.726,-4.038,3.429,-2.049
M_Quartzite_01.jpg,2.749,-0.517,0.184,-3.952,1.505,-1.127,0.118,-2.726
M_Quartzite_02.jpg,0.411,-3.485,-0.262,-2.895,2.24,1.74,-2.515,-3.059
M_Quartzite_03.jpg,2.748,3.44,-3.979,-1.501,0.393,-1.379,2.609,0.018
M_Quartzite_04.jpg,2.861,-0.392,-1.92,-1.151,-1.627,-1.512,0.256,0.61
M_Quartzite_05.jpg,4.847,-0.965,-0.691,-3.117,1.393,-1.646,0.702,-1.231
M_Quartzite_06.jpg,3.459,-1.401,-0.697,-1.557,1.218,2.901,-2.407,-0.876
M_Quartzite_07.jpg,1.766,-2.745,-4.292,-3.033,-0.738,0.61,-1.121,0.789
M_Quartzite_08.jpg,3.136,-2.05,-0.526,-2.442,1.332,-2.604,0.497,-1.947
M_Quartzite_09.jpg,3.41,1.534,-2.555,-0.545,0.577,-2.038,-1.064,-2.47
M_Quartzite_10.jpg,2.331,1.251,0.138,-0.713,-2.33,2.472,0.296,-4.102
M_Quartzite_11.jpg,0.7,0.726,-4.173,-2.803,2.002,6.674,2.224,-2.399
M_Quartzite_12.jpg,1.983,-2.427,0.438,-5.129,2.289,4.508,-0.942,2.178
M_Schist_01.jpg,1.434,-1.236,1.668,-2.908,3.514,-2.429,-2.286,-1.052
M_Schist_02.jpg,1.592,0.522,2.416,0.568,-0.025,-4.126,0.708,0.264
M_Schist_03.jpg,-2.833,1.166,1.468,-0.496,-4.6,-0.679,0.074,1.78
M_Schist_04.jpg,-1.376,2.123,3.34,-3.777,0.024,2.203,0.214,-1.084
M_Schist_05.jpg,-1.777,0.324,1.717,0.431,1.246,-4.567,0.721,-1.92
M_Schist_06.jpg,-2.367,1.102,4.575,0.642,0.596,-1.494,2.158,-1.914
M_Schist_07.jpg,-1.506,1.707,3.984,-1.126,-0.369,-1.979,1.13,3.661
M_Schist_08.jpg,2.011,-0.772,4.382,-1.345,-0.507,-4.409,-1.923,1.265
M_Schist_09.jpg,-3.454,0.862,1.16,-0.934,-0.468,-2.662,3.175,0.42
M_Schist_10.jpg,-0.355,0.831,2.84,-1.501,2.936,-4.91,2.108,0.73
M_Schist_11.jpg,-1.919,-0.946,2.046,-5.789,-1.004,-1.95,2.79,-3.429
M_Schist_12.jpg,-2.315,4.214,2.007,-1.238,-1.829,-0.112,-0.641,1.358
M_Slate_01.jpg,-1.344,-1.748,-4.543,-4.883,1.468,-0.213,1.252,3.805
M_Slate_02.jpg,3.074,-4.718,-1.837,0.296,0.43,-2.815,-2.819,-1.239
M_Slate_03.jpg,0.098,-4.903,0.571,-4.204,1.363,-0.936,0.791,-0.62
M_Slate_04.jpg,-0.37,-5.166,-1.884,-2.747,2.198,-2.783,-0.703,-0.274
M_Slate_05.jpg,0.404,-1.915,-3.553,-2.404,3.233,6.485,2.824,-2.297
M_Slate_06.jpg,-4.032,-4.41,-1.376,-1.59,0.844,-1.318,-0.592,-1.993
M_Slate_07.jpg,-0.274,-4.41,-5.636,-2.045,2.853,0.872,3.216,-2.169
M_Slate_08.jpg,-2.755,-5.588,-1.421,-2.874,0.756,6.333,1.361,-1.749
M_Slate_09.jpg,0.76,-4.57,0.738,-1.689,2.642,-2.296,-4.722,-0.455
M_Slate_10.jpg,0.632,-4.063,-0.562,-2.337,2.695,-3.017,-0.763,-1.232
M_Slate_11.jpg,2.188,-5.01,-2.928,-2.153,0.32,-3.124,-0.851,-0.065
M_Slate_12.jpg,-1.212,-3.912,-2.548,-4.251,3.162,-1.733,-3.976,-0.645
S_Bituminous Coal_01.jpg,-4.229,-3.285,1.422,0.28,-0.228,-1.597,3.151,-1.831
S_Bituminous Coal_02.jpg,-3.716,-1.98,-1.676,5.147,0.242,-2.091,2.775,-1.244
S_Bituminous Coal_03.jpg,-3.866,-4.354,0.596,1.577,0.817,-3.461,1.521,-0.376
S_Bituminous Coal_04.jpg,-1.748,-3.373,2.872,3.918,1.259,-2.961,0.432,-0.128
S_Bituminous Coal_05.jpg,-5.154,-2.635,0.548,0.421,-0.451,-0.979,1.973,-0.787
S_Bituminous Coal_06.jpg,-3.735,-2.639,-0.463,-0.785,-2.3,-0.591,1.321,-1.278
S_Bituminous Coal_07.jpg,-4.884,-1.366,-1.638,-0.909,-0.06,-0.643,1.514,-0.765
S_Bituminous Coal_08.jpg,-4.265,-2.813,1.559,1.668,1.006,-2.784,1.121,-1.27
S_Bituminous Coal_09.jpg,-3.968,-4.869,-1.573,3.668,-1.268,-1.039,0.481,0.933
S_Bituminous Coal_10.jpg,-4.935,-3.834,0.658,0.934,-0.015,-0.935,2.051,-2.036
S_Bituminous Coal_11.jpg,-4.24,-4.329,0.208,3.025,-0.277,-1.706,3.687,-0.301
S_Bituminous Coal_12.jpg,-4.982,-1.552,1.097,-0.765,-0.44,-2.756,0.221,0.424
S_Breccia_01.jpg,-1.153,0.618,5.312,0.104,-3.757,4.289,-2.037,3.044
S_Breccia_02.jpg,1.246,1.927,3.05,1.874,-3.089,3.595,-3.25,0.525
S_Breccia_03.jpg,1.941,2.7,4.458,-0.145,-2.252,2.092,1.736,3.373
S_Breccia_04.jpg,1.384,-1.216,1.613,0.433,-3.827,-1.125,-1.825,-3.592
S_Breccia_05.jpg,1.413,1.943,4.366,1.819,-1.419,0.044,-3.056,-2.88
S_Breccia_06.jpg,1.723,1.913,1.67,1.73,-3.645,4.07,1.186,-3.72
S_Breccia_07.jpg,0.914,4.555,-0.89,1.599,-0.078,6.422,2.375,0.213
S_Breccia_08.jpg,-0.65,1.928,2.667,0.601,-1.976,7.614,3.037,-3.051
S_Breccia_09.jpg,-3.052,-3.687,-0.997,5.931,-1.175,-0.856,-1.043,-0.174
S_Breccia_10.jpg,-3.177,4.075,2.506,1.249,0.817,3.945,0.686,-0.528
S_Breccia_11.jpg,1.851,4.442,-1.159,3.257,0.457,4.963,6.109,-2.747
S_Breccia_12.jpg,-0.86,4.761,2.934,-1.04,-2.806,4.794,-0.072,-0.416
S_Chert_01.jpg,0.788,-2.099,-2.63,2.393,-3.548,3.589,-1.209,-2.297
S_Chert_02.jpg,5.003,-5.564,-2.638,1.199,-1.772,2.2,-0.789,3.415
S_Chert_03.jpg,4.022,-3.359,-1.866,0.645,-1.916,4.935,-1.123,3.394
S_Chert_04.jpg,2.57,-5.705,-0.343,-0.657,0.085,-0.901,-0.375,-0.076
S_Chert_05.jpg,4.097,-3.885,1.128,-1.129,-0.476,2.514,-2.851,3.757
S_Chert_06.jpg,5.048,-1.532,-1.49,1.915,-2.972,3.102,-1.463,2.221
S_Chert_07.jpg,1.922,-4.519,0.377,-3.59,0.209,5.993,1.496,0.487
S_Chert_08.jpg,3.209,-2.997,-1.262,3.826,-2.688,0.986,-1.218,-3.351
S_Chert_09.jpg,4.931,-3.528,-0.505,3.919,0.222,0.903,-0.069,0.082
S_Chert_10.jpg,4.901,0.339,-4.902,3.666,-0.801,2.866,-2.697,-1.98
S_Chert_11.jpg,-3.182,-2.429,-2.428,6.686,-2.818,1.419,3.813,-2.364
S_Chert_12.jpg,-3.424,-2.894,-0.901,0.524,-1.147,-1.547,-2.197,-2.001
S_Conglomerate_01.jpg,-1.647,2.528,3.315,-1.246,-1.024,6.639,1.064,-3.008
S_Conglomerate_02.jpg,2.128,3.124,3.43,-1.516,-3.418,0.758,-2.68,1.091
S_Conglomerate_03.jpg,-0.154,3.795,3.248,-2.786,-2.913,2.22,3.662,-1.963
S_Conglomerate_04.jpg,-2.321,2.729,2.304,-1.823,-4.657,3.703,-0.21,-1.952
S_Conglomerate_05.jpg,0.264,2.411,4.825,1.372,-3.745,6.147,-1.02,1.15
S_Conglomerate_06.jpg,-0.951,-0.653,5.959,-1.941,-1.086,2.486,0.42,-1.968
S_Conglomerate_07.jpg,2.835,1.715,1.781,-3.1,-6.065,4.08,-0.275,1.621
S_Conglomerate_08.jpg,0.995,1.104,5.293,-0.801,-4.871,2.823,-0.903,1.033
S_Conglomerate_09.jpg,-1.69,1.294,3.98,-1.277,-3.381,4.736,0.695,-1.65
S_Conglomerate_10.jpg,1.691,1.114,0.957,-3.372,-4.845,3.095,-0.588,2.013
S_Conglomerate_11.jpg,1.323,3.317,3.824,1.504,-3.126,2.116,-1.292,-3.873
S_Conglomerate_12.jpg,-1.763,-3.408,1.565,-2.812,-2.238,0.191,-1.644,-1.434
S_Dolomite_01.jpg,3.167,-3.139,-3.753,-5.406,0.012,1.304,-1.268,1.675
S_Dolomite_02.jpg,-0.154,-1.754,0.676,2.109,3.289,7.732,0.661,-2.684
S_Dolomite_03.jpg,1.345,0.231,1.988,-1.268,-0.307,-0.023,-3.433,-2.022
S_Dolomite_04.jpg,6.222,-2.967,1.013,-2.126,1.683,2.202,1.999,4.394
S_Dolomite_05.jpg,3.423,-1.46,-5.302,-2.612,-1.886,4.504,-0.851,1.398
S_Dolomite_06.jpg,6.135,-4.759,-0.909,1.294,0.742,-1.691,1.278,-1.71
S_Dolomite_07.jpg,0.763,-2.65,-2.598,-4.508,1.333,-2.618,0.656,-0.483
S_Dolomite_08.jpg,4.32,-4.101,2.709,-3.124,-2.532,1.378,0.546,4.938
S_Dolomite_09.jpg,2.273,-3.324,-1.863,-4.089,-1.829,1.181,0.737,3.758
S_Dolomite_10.jpg,-0.868,-1.804,-2.127,-3.824,-2.512,0.907,-3.046,2.931
S_Dolomite_11.jpg,2.253,-2.67,3.382,-2.742,-0.605,-2.912,4.506,-1.077
S_Dolomite_12.jpg,3.544,-4.493,0.06,-3.644,-0.108,-0.548,-0.247,0.201
S_Micrite_01.jpg,3.524,-2.807,0.173,-4.136,0.588,3.932,-2.184,1.998
S_Micrite_02.jpg,3.893,-2.89,3.09,-2.695,1.521,-1.755,1.063,-2.814
S_Micrite_03.jpg,4.922,-3.432,1.762,-0.803,-1.602,-1.979,0.903,0.846
S_Micrite_04.jpg,-3.478,-3.14,-3.012,1.125,-2.214,0.692,-0.959,2.178
S_Micrite_05.jpg,2.081,-3.51,0.667,-2.795,-3.871,-1.151,-1.21,-2.49
S_Micrite_06.jpg,3.463,-3.962,-1.803,-4.231,-0.301,1.189,0.975,0.086
S_Micrite_07.jpg,3.008,-0.48,-2.132,-5.576,-0.784,-1.242,0.678,-0.742
S_Micrite_08.jpg,2.703,-3.852,-0.409,1.016,-3.155,0.196,-1.382,0.089
S_Micrite_09.jpg,-0.129,-4.828,-2.279,-2.315,-2.803,2.816,-0.426,0.79
S_Micrite_10.jpg,2.264,-5.099,-2.107,-2.895,2.455,-2.448,2.271,-2.781
S_Micrite_11.jpg,3.44,-4.018,-0.322,-3.054,-0.809,0.123,-2.389,0.072
S_Micrite_12.jpg,6.363,-4.079,0.041,-1.095,0.558,-0.265,0.627,-0.72
S_Rock Gypsum_01.jpg,6.102,-2.242,3.204,1.323,-0.017,-0.516,-0.329,-0.502
S_Rock Gypsum_02.jpg,5.043,-2.973,-0.97,4.264,2.508,-1.777,1.4,0.551
S_Rock Gypsum_03.jpg,4.586,-1.511,-3.584,3.564,1.51,-1.234,1.813,-5.292
S_Rock Gypsum_04.jpg,5.196,0.723,0.41,3.981,-2.207,-2.498,-0.167,-3.521
S_Rock Gypsum_05.jpg,-2.157,-2.803,3.446,0.671,0.842,-3.23,-2.551,-0.642
S_Rock Gypsum_06.jpg,4.975,-3.352,-2.574,1.424,0.277,-2.634,0.236,-1.618
S_Rock Gypsum_07.jpg,5.766,-3.352,-1.857,-0.208,-0.682,-1.229,1.405,-1.311
S_Rock Gypsum_08.jpg,1.019,-4.733,-0.683,3.575,0.18,0.956,-1.632,-1.2
S_Rock Gypsum_09.jpg,2.971,-1.559,-1.257,5.195,-0.86,-1.973,-1.478,-1.676
S_Rock Gypsum_10.jpg,4.696,-1.973,0.561,2.936,-1.704,-1.311,0.939,-3.609
S_Rock Gypsum_11.jpg,4.625,-0.742,-1.93,4.962,-0.524,-3.106,0.193,-1.523
S_Rock Gypsum_12.jpg,2.26,-1.518,1.713,4.183,2.491,0.664,-5.223,0.985
S_Rock Salt_01.jpg,-0.09,-3.1,-1.72,5.419,-3.015,-0.876,-0.499,-1.891
S_Rock Salt_02.jpg,-2.211,1.459,1.683,3.561,-1.534,-1.889,-0.297,-1.906
S_Rock Salt_03.jpg,2.482,1.281,2.472,2.635,-1.773,-3.173,0.393,-2.151
S_Rock Salt_04.jpg,1.762,0.568,1.91,5.867,-3.279,1.343,-2.987,-1.385
S_Rock Salt_05.jpg,2.304,-1.221,1.172,2.185,0.563,6.68,1.5,-1.881
S_Rock Salt_06.jpg,-0.791,0.978,3.063,3.693,-2.63,-1.616,0.178,-2.143
S_Rock Salt_07.jpg,5.155,-0.408,3.284,3.718,-5.434,0.432,-1.021,-0.42
S_Rock Salt_08.jpg,5.101,-2.289,-0.969,4.889,-1.966,0.567,-1.267,-2.682
S_Rock Salt_09.jpg,3.48,-0.349,-0.104,6.35,-2.709,2.938,1.46,-3.354
S_Rock Salt_10.jpg,5.278,-1.535,-0.364,3.996,-0.085,3.107,1.028,-4.468
S_Rock Salt_11.jpg,1.662,-1.931,0.745,4.694,-0.29,5.895,1.753,-4.419
S_Rock Salt_12.jpg,3.154,-1.949,1.735,4.757,-0.692,-2.606,-0.757,-3.225
S_Sandstone_01.jpg,-1.959,-2.497,1.655,-2.096,5.533,5.997,-2.478,-0.447
S_Sandstone_02.jpg,3.103,-3.421,-0.673,-3.276,2.556,3.429,-2.815,1.838
S_Sandstone_03.jpg,4.578,-2.981,-0.974,-4.295,3.178,2.778,1.42,2.581
S_Sandstone_04.jpg,4.08,-3.686,-1.386,-4.383,0.11,2.657,1.523,2.305
S_Sandstone_05.jpg,-1.645,-3.429,-0.258,-1.304,3.01,8.563,3.218,-2.63
S_Sandstone_06.jpg,3.129,-1.197,2.16,-2.839,4.619,4.49,-1.646,-1.039
S_Sandstone_07.jpg,0.653,-1.158,-0.783,0.348,6.591,7.538,-0.375,-0.955
S_Sandstone_08.jpg,4.85,-2.349,-2.909,-3.073,1.274,5.347,0.134,2.977
S_Sandstone_09.jpg,-0.106,-1.246,-1.544,-1.863,5.922,7.545,0.242,-2.032
S_Sandstone_10.jpg,2.293,-0.698,-0.335,-4.856,1.118,5.682,2.194,-2.241
S_Sandstone_11.jpg,2.211,-2.322,-0.578,-4.857,0.47,0.709,0.642,3.084
S_Sandstone_12.jpg,3.135,-2.343,-0.059,-3.229,1.503,7.411,1.654,1.887
S_Shale_01.jpg,-1.968,-6.222,-0.478,-0.62,-0.301,1.291,0.162,-1.125
S_Shale_02.jpg,-4.287,-2.95,1.051,-1.048,-1.096,-0.753,-0.609,1.279
S_Shale_03.jpg,-0.323,-2.218,-3.164,-2.797,-0.333,6.738,1.549,-2.124
S_Shale_04.jpg,-3.74,-5.023,-0.663,-0.833,1.653,-2.437,-1.122,0.191
S_Shale_05.jpg,-1.757,-4.646,-2.242,-1.045,-0.854,-0.819,-0.435,-2.357
S_Shale_06.jpg,-1.027,-0.118,-0.021,-1.285,3.186,4.709,-2.816,-2.927
S_Shale_07.jpg,1.106,-4.812,-1.001,-1.782,-2.229,1.478,-0.852,-1.99
S_Shale_08.jpg,-2.753,-3.87,-1.539,-2.959,-0.486,3.884,0.705,-3.588
S_Shale_09.jpg,-3.539,-0.954,-1.209,-0.805,-1.359,1.841,-3.529,-0.125
S_Shale_10.jpg,-3.475,-3.431,-2.184,-2.034,0.691,-2.265,1.129,-1.201
S_Shale_11.jpg,-0.051,-2.358,1.994,-1.427,1.552,7.268,-0.593,-1.432
S_Shale_12.jpg,1.134,-4.9,0.983,-3.777,-1.265,4.695,0.624,-1.195
